{
  "epoch": [
    1,
    2,
    3,
    4,
    5,
    6,
    7,
    8,
    9,
    10,
    11,
    12,
    13,
    14,
    15,
    16,
    17,
    18,
    19,
    20,
    21,
    22,
    23,
    24,
    25,
    26,
    27,
    28,
    29,
    30,
    31,
    32,
    33,
    34,
    35,
    36,
    37,
    38,
    39,
    40,
    41,
    42,
    43,
    44,
    45,
    46,
    47,
    48,
    49,
    50,
    51,
    52,
    53,
    54,
    55,
    56,
    57,
    58,
    59,
    60,
    61,
    62,
    63,
    64,
    65,
    66,
    67,
    68,
    69,
    70,
    71,
    72,
    73,
    74,
    75,
    76,
    77,
    78,
    79,
    80,
    81,
    82,
    83,
    84,
    85,
    86,
    87,
    88,
    89,
    90,
    91,
    92,
    93,
    94,
    95,
    96,
    97,
    98,
    99,
    100
  ],
  "train_loss": [
    0.16345412390572683,
    0.1150126066945848,
    0.11035842235599246,
    0.1088634736481167,
    0.10504308094580968,
    0.09632682977687745,
    0.07758255258557342,
    0.05847967176565102,
    0.033171339270969234,
    0.0281723706672589,
    0.01665575620496557,
    0.011145270917387236,
    0.007625627974491744,
    0.006538752632747803,
    0.0062206899303765524,
    0.005232187220826745,
    0.004841855560828533,
    0.0033101298059115096,
    0.0031997389326404247,
    0.0023721122526608055,
    0.0020086484482384377,
    0.0019564110386584488,
    0.0016738761831740184,
    0.001430695019302047,
    0.0011564757234217332,
    0.0009586169284635357,
    0.0009947423947908516,
    0.0007177019232629044,
    0.0007132668258799683,
    0.0005547814667114013,
    0.0004661728713212402,
    0.0003976878638024486,
    0.00037215928369689556,
    0.00029955636689140065,
    0.00026435659622490803,
    0.0002934866267120621,
    0.0002876203739322678,
    0.0002115364519514038,
    0.0001569651404852699,
    0.00016869842684606002,
    0.00017592759485567165,
    0.000183407701635068,
    9.921032116315993e-05,
    0.00014511521675601778,
    0.00010615867714001243,
    0.00013251821569394364,
    0.00010204572113469199,
    0.00011784210662534904,
    0.00012017496880746746,
    9.849698415651109e-05,
    8.601187827090533e-05,
    9.94908564496741e-05,
    7.70982759214738e-05,
    8.607651640583451e-05,
    8.42805154769892e-05,
    7.285407549976039e-05,
    6.706581119769475e-05,
    6.588884050307526e-05,
    5.165045296875871e-05,
    4.7102023537653235e-05,
    4.4717293411351766e-05,
    5.191236050450243e-05,
    4.4545051683339155e-05,
    4.6320282156860536e-05,
    5.194784864129144e-05,
    4.746771600409938e-05,
    3.6614896565706224e-05,
    3.528713380416905e-05,
    2.98334096961688e-05,
    3.28844462490538e-05,
    4.3000969136690923e-05,
    2.923188150730095e-05,
    3.4984399592628635e-05,
    4.0175020330934785e-05,
    2.860210729306259e-05,
    2.0242953994619755e-05,
    2.6703408653225952e-05,
    3.176617952877201e-05,
    3.0922093975234366e-05,
    2.3027536805048364e-05,
    2.6645767461342896e-05,
    2.6169609717336633e-05,
    2.677793895600189e-05,
    2.7328630938514142e-05,
    2.4210709625549498e-05,
    1.6676409353792787e-05,
    1.4980107499425122e-05,
    1.6390695355047075e-05,
    1.9353795480691632e-05,
    1.6279539381901574e-05,
    2.0646603605287272e-05,
    1.9549577527435585e-05,
    1.5055554036908212e-05,
    1.7361653866438636e-05,
    1.9682823568430086e-05,
    2.2721145082219403e-05,
    1.1099777014221348e-05,
    1.8007412455474314e-05,
    2.3480588587127776e-05,
    1.6635805520439006e-05
  ],
  "train_auc": [
    0.46474358974358976,
    0.581704918778206,
    0.6146815850103741,
    0.6987384100927193,
    0.7561396936396936,
    0.8945387613240239,
    0.9427578569519226,
    0.9630103283640261,
    0.9820700672028204,
    0.9856803143093467,
    0.9874451652764906,
    0.988199739165329,
    0.9945066666666668,
    0.9926574663835811,
    0.9944930875576037,
    0.9951159505018026,
    0.9973650835301321,
    0.9999196375654201,
    0.9997266684159889,
    0.9998148781043519,
    0.9999439059414826,
    1.0,
    1.0,
    1.0,
    1.0,
    1.0,
    1.0,
    1.0,
    1.0,
    1.0,
    1.0,
    1.0,
    1.0,
    1.0,
    1.0,
    1.0,
    1.0,
    1.0,
    1.0,
    1.0,
    1.0,
    1.0,
    1.0,
    1.0,
    1.0,
    1.0,
    1.0,
    1.0,
    1.0,
    1.0,
    1.0,
    1.0,
    1.0,
    1.0,
    1.0,
    1.0,
    1.0,
    1.0,
    1.0,
    1.0,
    1.0,
    1.0,
    1.0,
    1.0,
    1.0,
    1.0,
    1.0,
    1.0,
    1.0,
    1.0,
    1.0,
    1.0,
    1.0,
    1.0,
    1.0,
    1.0,
    1.0,
    1.0,
    1.0,
    1.0,
    1.0,
    1.0,
    1.0,
    1.0,
    1.0,
    1.0,
    1.0,
    1.0,
    1.0,
    1.0,
    1.0,
    1.0,
    1.0,
    1.0,
    1.0,
    1.0,
    1.0,
    1.0,
    1.0,
    1.0
  ],
  "train_acc": [
    0.1549618320610687,
    0.05419847328244275,
    0.048091603053435114,
    0.06564885496183206,
    0.059541984732824425,
    0.0717557251908397,
    0.33435114503816793,
    0.6091603053435114,
    0.7862595419847328,
    0.8366412213740458,
    0.8564885496183207,
    0.8938931297709923,
    0.9076335877862596,
    0.9297709923664123,
    0.9244274809160306,
    0.9427480916030534,
    0.950381679389313,
    0.9671755725190839,
    0.9648854961832061,
    0.9770992366412213,
    0.9801526717557252,
    0.9786259541984733,
    0.9793893129770992,
    0.9847328244274809,
    0.9923664122137404,
    0.9908396946564886,
    0.9916030534351145,
    0.9946564885496183,
    0.9961832061068703,
    0.9961832061068703,
    0.9969465648854962,
    0.9984732824427481,
    1.0,
    0.9977099236641221,
    1.0,
    0.999236641221374,
    0.9984732824427481,
    1.0,
    1.0,
    1.0,
    1.0,
    1.0,
    1.0,
    1.0,
    1.0,
    1.0,
    1.0,
    1.0,
    1.0,
    1.0,
    1.0,
    1.0,
    1.0,
    1.0,
    1.0,
    1.0,
    1.0,
    1.0,
    1.0,
    1.0,
    1.0,
    1.0,
    1.0,
    0.999236641221374,
    1.0,
    1.0,
    1.0,
    1.0,
    1.0,
    1.0,
    1.0,
    1.0,
    1.0,
    1.0,
    1.0,
    1.0,
    1.0,
    1.0,
    1.0,
    1.0,
    1.0,
    1.0,
    1.0,
    1.0,
    1.0,
    1.0,
    1.0,
    1.0,
    1.0,
    1.0,
    1.0,
    1.0,
    1.0,
    1.0,
    1.0,
    1.0,
    1.0,
    1.0,
    1.0,
    1.0
  ],