{
  "epoch": [
    1,
    2,
    3,
    4,
    5,
    6,
    7,
    8,
    9,
    10,
    11,
    12,
    13,
    14,
    15,
    16,
    17,
    18,
    19,
    20,
    21,
    22,
    23,
    24,
    25,
    26,
    27,
    28,
    29,
    30,
    31,
    32,
    33,
    34,
    35,
    36,
    37,
    38,
    39,
    40,
    41,
    42,
    43,
    44,
    45,
    46,
    47,
    48,
    49,
    50,
    51,
    52,
    53,
    54,
    55,
    56,
    57,
    58,
    59,
    60,
    61,
    62,
    63,
    64,
    65,
    66,
    67,
    68,
    69,
    70,
    71,
    72,
    73,
    74,
    75,
    76,
    77,
    78,
    79,
    80,
    81,
    82,
    83,
    84,
    85,
    86,
    87,
    88,
    89,
    90,
    91,
    92,
    93,
    94,
    95,
    96,
    97,
    98,
    99,
    100
  ],
  "train_loss": [
    0.1634541434191522,
    0.11501212772868928,
    0.11035885378008797,
    0.1088422488953386,
    0.10500799900009519,
    0.09615764092831385,
    0.07667739591783002,
    0.0578044978458257,
    0.030919879231424557,
    0.020509126263537576,
    0.014250874763265961,
    0.011214086031984715,
    0.008479880856438762,
    0.006811385009703892,
    0.006417191709347424,
    0.005428067508286664,
    0.005025340410481606,
    0.003365431463212839,
    0.003369662361884756,
    0.0023653890682561766,
    0.0018974702127577206,
    0.0018739644188566931,
    0.0016177729052114522,
    0.0013647516035624513,
    0.0010395742733851961,
    0.0008467492977312455,
    0.000848585382170443,
    0.0006229910338463794,
    0.0005900174309360972,
    0.0004664726584451273,
    0.0003788296491534094,
    0.00033208900588631095,
    0.0003298678445086504,
    0.00023348114717962397,
    0.0002154532215042439,
    0.00024077857891652022,
    0.0002549645006573493,
    0.00018436598531393212,
    0.00013975277553462156,
    0.00013999967536836353,
    0.0001540103845140298,
    0.00015155706352656817,
    8.718911920455174e-05,
    0.00012321143124912245,
    8.703214604923102e-05,
    0.00010697795984188339,
    8.61745814160843e-05,
    0.00010103751403567869,
    0.00010761597293042411,
    8.310265556723433e-05,
    7.433662529452012e-05,
    8.151406092067537e-05,
    6.200675493129806e-05,
    7.356878597333672e-05,
    6.979735596923136e-05,
    6.559797670239018e-05,
    5.919868012175097e-05,
    5.253710677217376e-05,
    4.399988189280044e-05,
    4.47679917886576e-05,
    3.58205400494799e-05,
    4.512013022880031e-05,
    3.943997955416091e-05,
    4.866205286123746e-05,
    4.6393752546421074e-05,
    4.051357933305899e-05,
    3.470689428771342e-05,
    2.8411929655530478e-05,
    2.7112367985994623e-05,
    2.9069385109756868e-05,
    3.698144819065332e-05,
    2.5166646212580546e-05,
    3.3851298104266226e-05,
    3.613063619836577e-05,
    2.125064416499559e-05,
    1.8728007045778905e-05,
    2.4043403105419463e-05,
    3.115022263955325e-05,
    2.918663059452748e-05,
    2.0307189970480977e-05,
    2.3219149863420863e-05,
    2.1868716698593615e-05,
    2.1508404935437803e-05,
    2.4360390961235334e-05,
    1.950710984168663e-05,
    1.5666330336032497e-05,
    1.2763855963948161e-05,
    1.5122013359863168e-05,
    1.874613766566264e-05,
    1.7333662017768975e-05,
    1.857009745197588e-05,
    1.6811306133084664e-05,
    1.3212925499791103e-05,
    1.6963507397078848e-05,
    2.619335409040754e-05,
    1.9955746839037775e-05,
    1.2561063954308338e-05,
    1.534807480701212e-05,
    1.594721605951712e-05,
    1.3767655164407361e-05
  ],
  "train_auc": [
    0.46474358974358976,
    0.581704918778206,
    0.6146815850103741,
    0.6992229062167503,
    0.755515318015318,
    0.8931351479192587,
    0.9418541006351753,
    0.9626571178018124,
    0.9795224193015314,
    0.9851116625310175,
    0.9863083101637318,
    0.9828701845906902,
    0.99132,
    0.9911240858693089,
    0.9928341013824885,
    0.993252460294261,
    0.9958453599230298,
    0.9995881425227777,
    0.9992018717746872,
    0.9997863978127136,
    0.9999663435648897,
    1.0,
    1.0,
    1.0,
    1.0,
    1.0,
    1.0,
    1.0,
    1.0,
    1.0,
    1.0,
    1.0,
    1.0,
    1.0,
    1.0,
    1.0,
    1.0,
    1.0,
    1.0,
    1.0,
    1.0,
    1.0,
    1.0,
    1.0,
    1.0,
    1.0,
    1.0,
    1.0,
    1.0,
    1.0,
    1.0,
    1.0,
    1.0,
    1.0,
    1.0,
    1.0,
    1.0,
    1.0,
    1.0,
    1.0,
    1.0,
    1.0,
    1.0,
    1.0,
    1.0,
    1.0,
    1.0,
    1.0,
    1.0,
    1.0,
    1.0,
    1.0,
    1.0,
    1.0,
    1.0,
    1.0,
    1.0,
    1.0,
    1.0,
    1.0,
    1.0,
    1.0,
    1.0,
    1.0,
    1.0,
    1.0,
    1.0,
    1.0,
    1.0,
    1.0,
    1.0,
    1.0,
    1.0,
    1.0,
    1.0,
    1.0,
    1.0,
    1.0,
    1.0,
    1.0
  ],
  "train_acc": [
    0.1549618320610687,
    0.05419847328244275,
    0.048091603053435114,
    0.06564885496183206,
    0.059541984732824425,
    0.0717557251908397,
    0.34427480916030534,
    0.6045801526717557,
    0.766412213740458,
    0.8389312977099237,
    0.8664122137404581,
    0.8900763358778626,
    0.8908396946564886,
    0.9274809160305344,
    0.9244274809160306,
    0.9419847328244275,
    0.9480916030534351,
    0.9679389312977099,
    0.9625954198473282,
    0.9778625954198473,
    0.982442748091603,
    0.981679389312977,
    0.9786259541984733,
    0.983969465648855,
    0.9946564885496183,
    0.9908396946564886,
    0.9931297709923664,
    0.9938931297709923,
    0.9977099236641221,
    1.0,
    0.999236641221374,
    0.999236641221374,
    1.0,
    1.0,
    1.0,
    0.999236641221374,
    1.0,
    1.0,
    1.0,
    1.0,
    1.0,
    1.0,
    1.0,
    1.0,
    1.0,
    1.0,
    1.0,
    1.0,
    1.0,
    1.0,
    1.0,
    1.0,
    1.0,
    1.0,
    1.0,
    1.0,
    1.0,
    1.0,
    1.0,
    1.0,
    1.0,
    1.0,
    1.0,
    0.999236641221374,
    1.0,
    1.0,
    1.0,
    1.0,
    1.0,
    1.0,
    1.0,
    1.0,
    1.0,
    1.0,
    1.0,
    1.0,
    1.0,
    1.0,
    1.0,
    1.0,
    1.0,
    1.0,
    1.0,
    1.0,
    1.0,
    1.0,
    1.0,
    1.0,
    1.0,
    1.0,
    1.0,
    1.0,
    1.0,
    1.0,
    1.0,
    1.0,
    1.0,
    1.0,
    1.0,
    1.0
  ],